Model,XGBoost,MLP,GaussianNB,Adaboost,KNN,RFClassifier,SVM_linear,SVM_sigmoid,SVM_RBF
vit_large_patch16_224 + vit_base_patch32_384,0.9883333333333333,0.9966666666666667,0.6666666666666666,0.9916666666666667,0.9883333333333333,0.9933333333333334,0.9966666666666666,0.97,0.9966666666666667
vit_large_patch16_224 + vit_small_patch32_384,0.99,0.9983333333333333,0.6983333333333333,0.9933333333333333,0.9883333333333333,0.985,0.995,0.9650000000000001,0.9966666666666667
vit_base_patch32_384 + vit_small_patch32_384,0.985,0.9933333333333333,0.725,0.99,0.9916666666666667,0.9883333333333333,0.99,0.9783333333333333,0.995
vit_large_patch16_224 + vit_base_patch32_384 + vit_small_patch32_384,0.9933333333333334,0.995,0.6783333333333333,0.9933333333333333,0.9866666666666666,0.9916666666666667,0.9983333333333333,0.98,0.9966666666666667
