Model,XGBoost,MLP,GaussianNB,Adaboost,KNN,RFClassifier,SVM_linear,SVM_sigmoid,SVM_RBF
vit_base_patch32_384 + vit_small_patch32_224,0.7896504112808461,0.7874324324324324,0.3303072016115494,0.7332314923619271,0.7812720329024677,0.762623384253819,0.7777585193889542,0.6448287728722512,0.7547972972972973
vit_base_patch32_384 + vit_small_patch16_224,0.7597972972972973,0.7647972972972973,0.32445680152201894,0.7762720329024677,0.788907168037603,0.7556756756756757,0.7772972972972972,0.6434011806837894,0.7547972972972973
vit_small_patch32_224 + vit_small_patch16_224,0.7916891891891893,0.7656756756756756,0.41020368194281237,0.7897062279670976,0.8124206815511164,0.7912720329024677,0.7124529964747357,0.569895361199709,0.7658108108108108
vit_base_patch32_384 + vit_small_patch32_224 + vit_small_patch16_224,0.7489189189189189,0.7672972972972972,0.3293439091265178,0.7326792009400704,0.799042303172738,0.744988249118684,0.7589189189189189,0.6364120642381512,0.7622972972972972
