Model,XGBoost,MLP,GaussianNB,Adaboost,KNN,RFClassifier,SVM_linear,SVM_sigmoid,SVM_RBF
vit_large_patch16_224 + vit_base_patch32_384,0.9883333333333333,0.9966666666666667,0.665,0.9916666666666667,0.9883333333333333,0.9916666666666667,0.9966666666666666,0.975,0.9966666666666667
vit_large_patch16_224 + vit_small_patch32_384,0.9916666666666667,0.9966666666666667,0.6883333333333332,0.9933333333333334,0.9883333333333333,0.9866666666666666,0.995,0.97,0.9966666666666667
vit_base_patch32_384 + vit_small_patch32_384,0.985,0.995,0.7133333333333334,0.9916666666666667,0.9916666666666667,0.985,0.99,0.9783333333333333,0.995
vit_large_patch16_224 + vit_base_patch32_384 + vit_small_patch32_384,0.99,0.9983333333333333,0.6766666666666667,0.995,0.985,0.9933333333333333,0.9966666666666667,0.9750000000000001,0.9966666666666667
