Model,XGBoost,MLP,GaussianNB,Adaboost,KNN,RFClassifier,SVM_linear,SVM_sigmoid,SVM_RBF
vit_small_patch32_224 + mnasnet0_5,0,0.7870710928319624,0.6592539589278719,0,0,0,0,0,0
vit_small_patch32_224 + vgg16,0,0.7793243243243244,0.585554809467853,0,0,0,0,0,0
mnasnet0_5 + vgg16,0,0.7344359576968272,0.6447312685356164,0,0,0,0,0,0
vit_small_patch32_224 + mnasnet0_5 + vgg16,0,0.7604494712103408,0.6331054501706675,0,0,0,0,0,0
