Model,XGBoost,MLP,GaussianNB,Adaboost,KNN,RFClassifier,SVM_linear,SVM_sigmoid,SVM_RBF
vit_base_patch32_384 + vit_small_patch32_224,0.7796504112808461,0.7641891891891892,0.3332523361871188,0.6891216216216216,0.7711368977673325,0.7555405405405405,0.8120152761457109,0.6839799115886073,0.7547972972972973
vit_base_patch32_384 + vit_small_patch16_224,0.7496621621621622,0.7677585193889542,0.33659965866487607,0.7556756756756757,0.788907168037603,0.7489189189189189,0.7847972972972973,0.6584395109395109,0.7497972972972973
vit_small_patch32_224 + vit_small_patch16_224,0.7916891891891893,0.7616891891891893,0.41020368194281237,0.7897062279670976,0.8124206815511164,0.7912720329024677,0.7199529964747357,0.6188116221811875,0.7658108108108108
vit_base_patch32_384 + vit_small_patch32_224 + vit_small_patch16_224,0.7590540540540541,0.7747972972972973,0.32273110066588323,0.777623384253819,0.799042303172738,0.765123384253819,0.769054054054054,0.6562655978960327,0.7622972972972972
