Model,XGBoost,MLP,GaussianNB,Adaboost,KNN,RFClassifier,SVM_linear,SVM_sigmoid,SVM_RBF
vit_base_patch32_384 + vit_small_patch32_224,0,0.7799324324324325,0.3335473672430194,0,0,0,0,0,0
vit_base_patch32_384 + vit_small_patch16_224,0,0.7672972972972972,0.3382404454143585,0,0,0,0,0,0
vit_small_patch32_224 + vit_small_patch16_224,0,0.7799324324324325,0.41020368194281237,0,0,0,0,0,0
vit_base_patch32_384 + vit_small_patch32_224 + vit_small_patch16_224,0,0.766418918918919,0.3231482569526048,0,0,0,0,0,0
