Model,XGBoost,MLP,GaussianNB,Adaboost,KNN,RFClassifier,SVM_linear,SVM_sigmoid,SVM_RBF
vit_large_patch16_224 + vit_base_patch32_384,0.9916666666666667,0.9966666666666666,0.88,0.9916666666666667,0.99,0.9866666666666666,0.9966666666666666,0.985,0.9983333333333333
vit_large_patch16_224 + vit_small_patch32_384,0.99,0.9983333333333333,0.9016666666666666,0.99,0.9883333333333333,0.9916666666666667,0.9966666666666667,0.985,0.9983333333333333
vit_base_patch32_384 + vit_small_patch32_384,0.9866666666666666,0.995,0.9133333333333333,0.9916666666666667,0.9866666666666667,0.9883333333333333,0.9866666666666667,0.97,0.995
vit_large_patch16_224 + vit_base_patch32_384 + vit_small_patch32_384,0.9916666666666667,0.995,0.8933333333333333,0.995,0.9866666666666666,0.9883333333333333,0.9983333333333333,0.9833333333333333,0.9966666666666667
