Model,XGBoost,MLP,GaussianNB,Adaboost,KNN,RFClassifier,SVM_linear,SVM_sigmoid,SVM_RBF
vit_base_patch32_384 + vit_small_patch32_224,0,0.7627585193889542,0.33413071456549714,0,0,0,0,0,0
vit_base_patch32_384 + vit_small_patch16_224,0,0.7580405405405406,0.333892619327402,0,0,0,0,0,0
vit_small_patch32_224 + vit_small_patch16_224,0,0.7565540540540541,0.41020368194281237,0,0,0,0,0,0
vit_base_patch32_384 + vit_small_patch32_224 + vit_small_patch16_224,0,0.7674324324324324,0.3252311006658833,0,0,0,0,0,0
