Model,XGBoost,MLP,GaussianNB,Adaboost,KNN,RFClassifier,SVM_linear,SVM_sigmoid,SVM_RBF
vit_base_patch32_384 + vit_small_patch32_224,0,0.7747972972972973,0.3307523361871188,0,0,0,0,0,0
vit_base_patch32_384 + vit_small_patch16_224,0,0.7597972972972973,0.33171870628392364,0,0,0,0,0,0
vit_small_patch32_224 + vit_small_patch16_224,0,0.7639189189189188,0.41020368194281237,0,0,0,0,0,0
vit_base_patch32_384 + vit_small_patch32_224 + vit_small_patch16_224,0,0.7647972972972973,0.33261205304683567,0,0,0,0,0,0
