Model,XGBoost,MLP,GaussianNB,Adaboost,KNN,RFClassifier,SVM_linear,SVM_sigmoid,SVM_RBF
vit_small_patch16_224 + vit_base_patch16_224,0.9338709677419355,0.9588709677419355,0.5806451612903226,0.8588709677419355,0.8693548387096774,0.7838709677419355,0.975,0.975,0.975
vit_small_patch32_224 + vit_small_patch16_224,0.9266129032258064,0.9838709677419355,0.7766129032258065,0.9,0.8782258064516129,0.9088709677419355,0.975,0.9588709677419355,0.975
vit_base_patch16_224 + vit_small_patch32_224,0.975,0.9588709677419355,0.6129032258064516,0.9588709677419355,0.917741935483871,0.95,0.975,0.9588709677419355,0.975
vit_small_patch16_224 + vit_base_patch16_224 + vit_small_patch32_224,0.95,0.9588709677419355,0.542741935483871,0.9588709677419355,0.9266129032258064,0.885483870967742,0.975,0.975,0.975
