Model,XGBoost,MLP,GaussianNB,Adaboost,KNN,RFClassifier,SVM_linear,SVM_sigmoid,SVM_RBF
vit_small_patch16_224 + vit_base_patch16_224,0.9338709677419355,0.975,0.6177419354838709,0.8838709677419355,0.9032258064516129,0.8588709677419355,0.975,0.975,0.975
vit_small_patch32_224 + vit_small_patch16_224,0.9104838709677419,1.0,0.6016129032258064,0.917741935483871,0.8709677419354839,0.8838709677419355,0.975,0.9427419354838709,0.975
vit_base_patch16_224 + vit_small_patch32_224,0.9588709677419355,0.9588709677419355,0.635483870967742,0.9838709677419355,0.8459677419354839,0.9,0.975,0.9427419354838709,0.975
vit_small_patch16_224 + vit_base_patch16_224 + vit_small_patch32_224,0.9588709677419355,0.9588709677419355,0.5177419354838709,0.885483870967742,0.8870967741935484,0.925,0.975,0.9427419354838709,0.975
