Model,XGBoost,MLP,GaussianNB,Adaboost,KNN,RFClassifier,SVM_linear,SVM_sigmoid,SVM_RBF
vit_small_patch16_224 + vit_base_patch16_224,0.9588709677419355,0.975,0.8943548387096774,0.925,0.8693548387096774,0.975,0.975,0.975,0.975
vit_small_patch32_224 + vit_small_patch16_224,0.9427419354838709,0.95,0.9104838709677419,0.9588709677419355,0.8782258064516129,0.9588709677419355,0.975,0.975,0.975
vit_base_patch16_224 + vit_small_patch32_224,0.975,0.975,0.935483870967742,0.8677419354838709,0.9266129032258064,0.95,0.975,0.9588709677419355,0.975
vit_small_patch16_224 + vit_base_patch16_224 + vit_small_patch32_224,0.975,0.975,0.9193548387096775,0.975,0.8943548387096774,0.95,0.975,0.975,0.975
