Model,XGBoost,MLP,GaussianNB,Adaboost,KNN,RFClassifier,SVM_linear,SVM_sigmoid,SVM_RBF
vit_small_patch16_224 + vit_base_patch16_224,0.975,0.975,0.9266129032258064,0.95,0.8548387096774194,0.975,0.975,0.935483870967742,0.975
vit_small_patch32_224 + vit_small_patch16_224,0.9588709677419355,0.975,0.8443548387096774,0.9588709677419355,0.8870967741935484,0.9338709677419355,0.975,0.9104838709677419,0.975
vit_base_patch16_224 + vit_small_patch32_224,0.975,0.975,0.9193548387096775,0.975,0.8548387096774194,0.975,0.975,0.9266129032258064,0.975
vit_small_patch16_224 + vit_base_patch16_224 + vit_small_patch32_224,0.975,0.975,0.935483870967742,0.975,0.8709677419354839,0.975,0.975,0.8943548387096774,0.975
